variant,label,final_equity,total_return_pct,max_drawdown_pct,trade_count,win_rate_pct
window_60d,Window 60d,110623.38332528382,1006.2338332528382,-29.875141265431303,243,61.31687242798354
baseline_original,Original 2.3.3,69720.97306384401,597.2097306384401,-36.51239904300253,246,59.34959349593496
volume_adjusted,Add Volume,43900.389796131385,339.0038979613139,-37.47090013217842,241,57.26141078838174
window_126d,Window 126d,41467.83819476736,314.67838194767364,-35.56462473089146,229,57.20524017467249
kappa_signal,Kappa / s-score,31304.307525591797,213.04307525591798,-30.065448741181942,217,56.68202764976959
window_252d_recent_weighted,Window 252d + Recent Weight,30636.65476970073,206.36654769700732,-30.94044107736098,207,57.00483091787439
pca_defactored,PCA Defactored,11971.234108736138,19.712341087361374,-42.885958696367375,218,52.293577981651374
